sample_id,stage,treatment,batch,slide,parental_tumor,niche,emt,proliferation,hypoxia,immune,fibroblast,macrophage,tumour,n_spots,abundance
20221010-1_1,primary,no_treatment,2022/10/10,V11Y17-038,2.1,N0,0.05427273434263566,0.2785862111282666,2.2519426413048476,0.1821304195524014,0.023743738825100506,0.011903426225303422,0.77658095972815,1045,0.08011889308717036
20221010-1_1,primary,no_treatment,2022/10/10,V11Y17-038,2.1,N1,0.1509681285795988,0.1609013432856887,3.80436330228106,0.3185120509619653,0.1775409283007244,0.19024128304432886,0.48089746269181866,332,0.011100294072103783
20221010-1_1,primary,no_treatment,2022/10/10,V11Y17-038,2.1,N2,0.11835367245396636,0.18992082829698356,3.490589327540766,0.15939266848531913,0.01333185949873083,0.00941076818594289,0.8140760498599753,1305,0.0787329002691524
20221010-1_1,primary,no_treatment,2022/10/10,V11Y17-038,2.1,N4,0.06640344100400924,0.23821202785821546,3.1953792453962824,0.1980908483720196,0.04610554341757972,0.027572242634153223,0.7256986254384686,1350,0.14625969529654018
20221010-1_1,primary,no_treatment,2022/10/10,V11Y17-038,2.1,N5,0.050893231186684706,0.28413217001296565,1.9480151178163334,0.18673906915013477,0.014290593022712132,0.0071151228594835535,0.781635910875932,1610,0.3515294883803349
20221010-1_1,primary,no_treatment,2022/10/10,V11Y17-038,2.1,N7,0.15921788816105914,0.15452151176130735,3.2579476993289345,0.24980514250835884,0.23696468726046116,0.12343265509599903,0.48826856844448674,318,0.011975169085982947
20221010-1_1,primary,no_treatment,2022/10/10,V11Y17-038,2.1,N8,0.09216327905492107,0.22549170874218846,3.46893825877296,0.17331830630207218,0.014305615676459188,0.009599919499047201,0.7916830757661455,755,0.04084839089508112
20221010-1_1,primary,no_treatment,2022/10/10,V11Y17-038,2.1,N9,0.13617956343610935,0.10858523158574447,5.3232632332129555,0.22714023714494333,0.2827114227423636,0.12633669885926216,0.4561464823904236,402,0.033232773648356737
20221010-1_1,primary,no_treatment,2022/10/10,V11Y17-038,2.1,N10,0.04615251715866713,0.1672847095075023,5.741649938523297,0.1425511091313143,0.017499294705329495,0.010079781902193509,0.8272140517387114,1401,0.18929409825320007
20221010-1_1,primary,no_treatment,2022/10/10,V11Y17-038,2.1,N11,0.0894382522004349,0.2840784748214571,1.8778082818829687,0.2435739277860987,0.07317418166754175,0.05811693796295675,0.6588250230199257,661,0.05078886132901048
20221010-1_1,primary,no_treatment,2022/10/10,V11Y17-038,2.1,N12,0.0702147011275778,0.251444084059715,2.354472891197717,0.1857200474699094,0.047706158081831894,0.024371377220727995,0.7328086464492481,230,0.006119435683067207
20221010-1_2,mrd7,cisplatin_6mg/kg,2022/10/10,V11Y17-038,2.1,N0,0.4145207645681301,0.08150186730432968,0.5923548800280485,0.44095934335876164,0.21635995496626123,0.306841760042468,0.3158653704384447,473,0.03227783698278678
20221010-1_2,mrd7,cisplatin_6mg/kg,2022/10/10,V11Y17-038,2.1,N1,0.45887273178783605,0.043215758429624676,0.9365323150113221,0.5451956373735781,0.1625724288869298,0.4214606566663555,0.26996784239440824,1021,0.12210383991447404
20221010-1_2,mrd7,cisplatin_6mg/kg,2022/10/10,V11Y17-038,2.1,N2,0.5481074539210827,0.05024078302896082,0.5989241203391709,0.37002030944392683,0.10564245883431445,0.2538489471092097,0.5067441763457308,697,0.0987702887417815
20221010-1_2,mrd7,cisplatin_6mg/kg,2022/10/10,V11Y17-038,2.1,N4,0.35357828574522565,0.12960350287573544,0.578161014164623,0.4395355147000383,0.1553493844266261,0.29158095891945157,0.37863804626361935,991,0.20567135812308085
20221010-1_2,mrd7,cisplatin_6mg/kg,2022/10/10,V11Y17-038,2.1,N5,0.28592827248710584,0.21075810983032642,0.020063363531647314,0.37156447899649186,0.1420195053318194,0.21303787541405336,0.46193666026917257,235,0.023104763836569144
20221010-1_2,mrd7,cisplatin_6mg/kg,2022/10/10,V11Y17-038,2.1,N7,0.4663108553526033,0.019040225202040652,0.9996269824655057,0.4441468716571644,0.32796152495507996,0.3204736168480071,0.19615136102588873,679,0.10275891990912647
20221010-1_2,mrd7,cisplatin_6mg/kg,2022/10/10,V11Y17-038,2.1,N8,0.523377659282549,0.03812518390723377,0.6751164548546587,0.38684677966517117,0.12419750812881303,0.2481158886496948,0.46352204011586434,343,0.02185608503728647
20221010-1_2,mrd7,cisplatin_6mg/kg,2022/10/10,V11Y17-038,2.1,N9,0.4538583776653268,0.044752072358598814,0.9875829184690054,0.4812632473446366,0.23352115261148754,0.35391469849978335,0.25193431287444495,961,0.10355592686030102
20221010-1_2,mrd7,cisplatin_6mg/kg,2022/10/10,V11Y17-038,2.1,N10,0.37974967430333906,0.08113444090284418,0.9873319499404571,0.40524900993317625,0.14011484819501607,0.2619563742799561,0.43501286266719436,347,0.018067048084920174
20221010-1_2,mrd7,cisplatin_6mg/kg,2022/10/10,V11Y17-038,2.1,N11,0.4602483675137444,0.03909725953867535,0.7934511217038568,0.49946329927260563,0.19529415050228158,0.34615365613596155,0.27854786735765485,1228,0.24421709078337062
20221010-1_2,mrd7,cisplatin_6mg/kg,2022/10/10,V11Y17-038,2.1,N12,0.4570437917926121,0.03553064093654566,0.7063179404957804,0.5094098708485806,0.20481507729201534,0.3356362725024375,0.24970480286364907,659,0.02761684172630295
20221010-1_3,mrd12,cisplatin_6mg/kg,2022/10/10,V11Y17-038,2.1,N0,0.1610438226438099,0.2814860686583379,-0.24235693636371286,0.299292570420642,0.12801091898461936,0.10004222988333257,0.5451134124083008,886,0.07764966083540589
20221010-1_3,mrd12,cisplatin_6mg/kg,2022/10/10,V11Y17-038,2.1,N1,0.32889943692849205,0.1494718978885817,0.440496416042535,0.5348151613254978,0.1491010005845577,0.4042069239238843,0.2880872839298538,974,0.10779458262644828
20221010-1_3,mrd12,cisplatin_6mg/kg,2022/10/10,V11Y17-038,2.1,N2,0.344891081187294,0.16740674387476523,-0.017774953385112913,0.30618714408843817,0.10252401829416061,0.14105850813835036,0.5707757049693256,886,0.07492668891519204
20221010-1_3,mrd12,cisplatin_6mg/kg,2022/10/10,V11Y17-038,2.1,N4,0.18308948087270516,0.2693248012372947,-0.17605331654971748,0.3446028999379238,0.1332216160030839,0.17509650623680872,0.4933809504914069,1252,0.19532128890112851
20221010-1_3,mrd12,cisplatin_6mg/kg,2022/10/10,V11Y17-038,2.1,N5,0.09708229498331991,0.33453236494619826,-0.7298723616566772,0.26563005969748993,0.07628860273862063,0.07889674405053651,0.6362664966164602,498,0.06238094929042683
20221010-1_3,mrd12,cisplatin_6mg/kg,2022/10/10,V11Y17-038,2.1,N7,0.30087217859628534,0.16621913929342955,0.2635750863187097,0.3810373123314417,0.24651465779059914,0.2082652281090925,0.3360052280719796,938,0.07326055589101144
20221010-1_3,mrd12,cisplatin_6mg/kg,2022/10/10,V11Y17-038,2.1,N8,0.24015729344631945,0.22666734727433477,-0.265397960566068,0.31943540063694,0.11903529864403417,0.13360082865321052,0.5339913248451076,438,0.015867104295913453
20221010-1_3,mrd12,cisplatin_6mg/kg,2022/10/10,V11Y17-038,2.1,N9,0.2872645411345392,0.18525808600465435,0.255610157662229,0.42208142895307676,0.19187019293073185,0.2668805032527587,0.3517368482123495,1143,0.0921845000157947
20221010-1_3,mrd12,cisplatin_6mg/kg,2022/10/10,V11Y17-038,2.1,N10,0.21176988966816593,0.23159766715176658,-0.08900684375841215,0.32516649768271383,0.11743883948647156,0.10441818351926184,0.5285212308402749,657,0.03998882233623189
20221010-1_3,mrd12,cisplatin_6mg/kg,2022/10/10,V11Y17-038,2.1,N11,0.2763881998035076,0.1988611213490264,0.12609528345872423,0.3940904037477232,0.16709114393296592,0.19855789074417365,0.410719611590675,1464,0.23129082785829258
20221010-1_3,mrd12,cisplatin_6mg/kg,2022/10/10,V11Y17-038,2.1,N12,0.24999829752398686,0.20503169745271188,-0.000431989989340467,0.3799693427059043,0.17015104408141163,0.1669020993820741,0.4143224406672326,768,0.02933501903415456
20221010-1_4,relapsed,cisplatin_6mg/kg,2022/10/10,V11Y17-038,2.1,N0,0.0705570709287059,0.35604119324343125,1.232342935918846,0.22956222844061208,0.02055048464105669,0.03915344581905499,0.7346950500593558,1055,0.058259833496246576
20221010-1_4,relapsed,cisplatin_6mg/kg,2022/10/10,V11Y17-038,2.1,N1,0.16510242891905896,0.29491713708410605,0.9918828088815657,0.45699691961969635,0.0960476135612709,0.24707078772629557,0.4239974401803414,487,0.017667466269927146
20221010-1_4,relapsed,cisplatin_6mg/kg,2022/10/10,V11Y17-038,2.1,N2,0.1314323644275181,0.274645068719566,1.8650731499973066,0.1803472656595253,0.017449798594383222,0.022284378436501318,0.7860146501246704,1475,0.0886196324453166
20221010-1_4,relapsed,cisplatin_6mg/kg,2022/10/10,V11Y17-038,2.1,N4,0.08292150662027943,0.34002202820666916,1.114106568841002,0.26010476496002344,0.03693241590718159,0.06742194924919793,0.6835856798004661,1598,0.1764235133941807
20221010-1_4,relapsed,cisplatin_6mg/kg,2022/10/10,V11Y17-038,2.1,N5,0.060394981638654,0.3651564356982617,0.9276627594637462,0.20719528476489,0.015064604106079656,0.019599274790501723,0.7616593825234188,1745,0.38214235501283766
20221010-1_4,relapsed,cisplatin_6mg/kg,2022/10/10,V11Y17-038,2.1,N7,0.1596485903822029,0.3001358034342179,0.8251579253777289,0.3526673232913856,0.11860403975349476,0.17415700573939932,0.49974797432348816,413,0.015080418065060079
20221010-1_4,relapsed,cisplatin_6mg/kg,2022/10/10,V11Y17-038,2.1,N8,0.07239489867720592,0.31897706164688494,1.5783817563645886,0.21770313284976028,0.0179704265572539,0.03295424274142422,0.7492095382265564,1039,0.02601137485976971
20221010-1_4,relapsed,cisplatin_6mg/kg,2022/10/10,V11Y17-038,2.1,N9,0.18980549032513272,0.2703674447291724,1.1909986877986711,0.3923507169890746,0.13020948746722152,0.20005515533370727,0.44880696513317614,369,0.022313864549725396
20221010-1_4,relapsed,cisplatin_6mg/kg,2022/10/10,V11Y17-038,2.1,N10,0.05573621846113908,0.271768865941249,3.9234736879997083,0.16867777276530949,0.012191486077646998,0.015937340970959325,0.8069523650307325,1555,0.15280625041164783
20221010-1_4,relapsed,cisplatin_6mg/kg,2022/10/10,V11Y17-038,2.1,N11,0.13604724680447955,0.3321379497451476,1.0014162412661882,0.3993426607505305,0.07364730353744041,0.16846689189654726,0.5081202208587208,706,0.05403462461075671
20221010-1_4,relapsed,cisplatin_6mg/kg,2022/10/10,V11Y17-038,2.1,N12,0.12109014947191883,0.32979492821728595,0.8445727894656454,0.34884896209754773,0.0642398533115817,0.12491805433223824,0.5633758976863622,270,0.006640666884531583
20221010-2_5,primary,no_treatment,2022/10/10,V11Y17-039,2.1,N0,0.048488377719224526,0.2730034487246899,2.4368311760667742,0.14052847251617237,0.029043525563811186,0.013759331393432458,0.8138098098371382,875,0.072930166758797
20221010-2_5,primary,no_treatment,2022/10/10,V11Y17-039,2.1,N1,0.13706612059279927,0.15928432145529264,4.213114925338868,0.28041302915826694,0.17744352752098902,0.17944643196430146,0.517167102344829,273,0.010931939720321195
20221010-2_5,primary,no_treatment,2022/10/10,V11Y17-039,2.1,N2,0.10603757510877976,0.20084183898117886,3.5708563302015834,0.12615195169214463,0.017243813992461953,0.010542633811273915,0.8447139328161813,1200,0.07458645408394747
20221010-2_5,primary,no_treatment,2022/10/10,V11Y17-039,2.1,N4,0.06073395459044053,0.25118909814030005,3.091291762233636,0.16673061075059256,0.04910193691735973,0.03054381431689445,0.7569972361053046,1224,0.15086749849901795
20221010-2_5,primary,no_treatment,2022/10/10,V11Y17-039,2.1,N5,0.04256947091678762,0.29227527874500636,1.8500134482748294,0.1465709937699536,0.015970779973431548,0.007541698950525976,0.8207638207143559,1412,0.3672442045903191
20221010-2_5,primary,no_treatment,2022/10/10,V11Y17-039,2.1,N7,0.15915016648847868,0.15394774506616649,3.545199677912238,0.25022486844993364,0.22097811285458827,0.15460650461667458,0.4986961210331642,276,0.012533718530259991
20221010-2_5,primary,no_treatment,2022/10/10,V11Y17-039,2.1,N8,0.09756421227462639,0.23554067957924335,3.305853969502613,0.1383294351359361,0.016484454227124593,0.010478660580874207,0.8267343274367966,688,0.0434851469236451
20221010-2_5,primary,no_treatment,2022/10/10,V11Y17-039,2.1,N9,0.14348246952260646,0.12296301765832457,5.318817901920385,0.1998588207882999,0.26201142645086856,0.12416842767693832,0.4976178148800968,355,0.03148207597997098
20221010-2_5,primary,no_treatment,2022/10/10,V11Y17-039,2.1,N10,0.042121252084275085,0.18672264271255087,5.7065188166372325,0.11724532147260378,0.019422137643653425,0.010442322797627576,0.8513521212253493,1289,0.18319661523431247
20221010-2_5,primary,no_treatment,2022/10/10,V11Y17-039,2.1,N11,0.08768054139401718,0.2692727479401255,2.11718194017266,0.20419244289269559,0.0770091481523839,0.06664787863719236,0.6928256635356079,586,0.047520326124368815
20221010-2_5,primary,no_treatment,2022/10/10,V11Y17-039,2.1,N12,0.06748386140965128,0.2335398221229138,2.98125610656112,0.1380171662251748,0.04210184168666419,0.02574652106601494,0.7911131507690222,190,0.005221853555039986
20221010-3_9,primary,no_treatment,2022/10/10,V12A25-134,2.1,N0,0.05302439554446869,0.2435504720024277,1.855103413960911,0.11426360220718942,0.036104677793752586,0.014278833854823515,0.8219504756972463,992,0.0722314867671184
20221010-3_9,primary,no_treatment,2022/10/10,V12A25-134,2.1,N1,0.08567515885630092,0.16721233759406612,3.2822442314348783,0.23089980760773163,0.1579797613446595,0.14476553269776646,0.5843899544451001,296,0.007665638281887409
20221010-3_9,primary,no_treatment,2022/10/10,V12A25-134,2.1,N2,0.10979767490324277,0.19450700850163305,2.446800374198282,0.07827184840674843,0.012550915344882854,0.0054214023371110245,0.8933704219548543,1188,0.08572805718236874
20221010-3_9,primary,no_treatment,2022/10/10,V12A25-134,2.1,N4,0.06274857277971341,0.2372733981341852,1.5187637824818363,0.10721313122462128,0.040521254234187364,0.01571968474025157,0.8158705359391802,1262,0.13849087683399136
20221010-3_9,primary,no_treatment,2022/10/10,V12A25-134,2.1,N5,0.0494674854880991,0.28621521525702376,0.25899610918616117,0.09705778359629715,0.013148799305833684,0.0044138533960193385,0.8695957546598947,1519,0.40010950552167
20221010-3_9,primary,no_treatment,2022/10/10,V12A25-134,2.1,N7,0.11292505579674844,0.1877690330683603,2.131314199174977,0.15843196264055853,0.22793614763615802,0.0760610624402912,0.5775890966959396,366,0.01106381905915308
20221010-3_9,primary,no_treatment,2022/10/10,V12A25-134,2.1,N8,0.07858902350022524,0.22638793746090438,1.5736414488733137,0.09942800526402339,0.013997088240693463,0.005481887339253863,0.8654905318510525,853,0.025887539578578447
20221010-3_9,primary,no_treatment,2022/10/10,V12A25-134,2.1,N9,0.08820549854843047,0.11671602016065247,4.912801956913549,0.1761973500269468,0.2043792962804446,0.10787934552658196,0.5702460328887563,356,0.024513366200462062
20221010-3_9,primary,no_treatment,2022/10/10,V12A25-134,2.1,N10,0.04534518838531582,0.1689359905346319,5.105823401519229,0.07026780224111484,0.0165422221232298,0.007143785814249753,0.897196786997909,1257,0.18552235308220424
20221010-3_9,primary,no_treatment,2022/10/10,V12A25-134,2.1,N11,0.07627779925200731,0.26453429407786044,0.8614390312474907,0.1738250030138877,0.08135222827581085,0.04256920783752915,0.7106483502364425,602,0.046026086757306135
20221010-3_9,primary,no_treatment,2022/10/10,V12A25-134,2.1,N12,0.07740909110031513,0.21358285139969763,1.9528456130698497,0.13643507555834533,0.10090296094916557,0.030933461602852905,0.6909680595292964,188,0.0027612707352601884
20221010-4_13,primary,no_treatment,2022/10/10,V12A25-135,2.1,N0,0.069829519115917,0.22738740941762794,1.5721967286403726,0.25050007116546186,0.028402362134199124,0.024452179444224058,0.6919541516834851,834,0.05682845104214864
20221010-4_13,primary,no_treatment,2022/10/10,V12A25-135,2.1,N1,0.10707333931402908,0.12851471904700534,4.734712241304126,0.34588435533900563,0.17539007049080926,0.22027750122350245,0.4399400496628806,272,0.007882978506359689
20221010-4_13,primary,no_treatment,2022/10/10,V12A25-135,2.1,N2,0.12035102978747717,0.185509446540173,2.3385451603498284,0.18960550087617525,0.014103825432770034,0.012363899991875189,0.7714953350494403,1066,0.07571978800524433
20221010-4_13,primary,no_treatment,2022/10/10,V12A25-135,2.1,N4,0.08056305889739457,0.2079100481795666,2.168131341547399,0.2407988654945925,0.05031270509331677,0.04306145597824368,0.6639283368292955,1101,0.16984555640345778
20221010-4_13,primary,no_treatment,2022/10/10,V12A25-135,2.1,N5,0.06412305898498966,0.26663816194777185,0.01292338701240944,0.2253020692935368,0.014066878059683251,0.00983286392015643,0.7314194542907634,1337,0.4118028262674861
20221010-4_13,primary,no_treatment,2022/10/10,V12A25-135,2.1,N7,0.16706108420922125,0.13913960166741793,2.6457322116247672,0.30328437982640855,0.243372532221994,0.1819426478326019,0.4154326498062509,351,0.011257478826131618
20221010-4_13,primary,no_treatment,2022/10/10,V12A25-135,2.1,N8,0.09099047543129454,0.21497436264884887,1.3008232657046623,0.2257929636347383,0.018694518583972083,0.01651694606123446,0.72312779234459,816,0.026322605268562067
20221010-4_13,primary,no_treatment,2022/10/10,V12A25-135,2.1,N9,0.11536767363324413,0.062176935406766415,6.9923086332472515,0.2820212418557329,0.23204786988885623,0.18614916187487276,0.42138644493495797,272,0.022327457377942946
20221010-4_13,primary,no_treatment,2022/10/10,V12A25-135,2.1,N10,0.07161041152047179,0.15053693584068484,5.272987088130843,0.18050358921987358,0.021327693380936822,0.021171923678575868,0.7711782157019751,1118,0.1765850049819973
20221010-4_13,primary,no_treatment,2022/10/10,V12A25-135,2.1,N11,0.10380497615809962,0.2176268560823423,1.1636776379631895,0.3202348110447908,0.09280576996993593,0.08820819900436387,0.5511476798674179,507,0.04015002836041047
20221010-4_13,primary,no_treatment,2022/10/10,V12A25-135,2.1,N12,0.11116800789998486,0.19005408257626735,1.4101708408156985,0.27559056841624474,0.13030710049675678,0.08930624275701371,0.5015842389340024,127,0.0012778249602590941
20221010-4_14,mrd7,cisplatin_6mg/kg,2022/10/10,V12A25-135,2.1,N0,0.2840146032918179,0.11135551627531547,0.9430504124329713,0.4143240952369793,0.12040979063523792,0.2682194508511814,0.44463861888606776,689,0.02984708866834362
20221010-4_14,mrd7,cisplatin_6mg/kg,2022/10/10,V12A25-135,2.1,N1,0.3156063477353497,0.10118655939775416,1.5552072669544106,0.6209223730198712,0.16227749804632613,0.5390593671592373,0.19358733421178217,961,0.09842659780650159
20221010-4_14,mrd7,cisplatin_6mg/kg,2022/10/10,V12A25-135,2.1,N2,0.4473201379149662,0.08101289631886498,0.9179763690070587,0.3094810305554765,0.09603786237846731,0.1921585823422529,0.5816477270122052,874,0.09154217457403434
20221010-4_14,mrd7,cisplatin_6mg/kg,2022/10/10,V12A25-135,2.1,N4,0.27268122564678865,0.16025569492913802,0.795117842892727,0.4021555818530674,0.1182373156719434,0.27981218392055135,0.4573273512690775,1123,0.2168496805617828
20221010-4_14,mrd7,cisplatin_6mg/kg,2022/10/10,V12A25-135,2.1,N5,0.20168628400328178,0.22453365492952812,0.23769105717656255,0.32622299224078455,0.06242079837579876,0.1710093946595591,0.5959029108358316,583,0.08643630043066278
20221010-4_14,mrd7,cisplatin_6mg/kg,2022/10/10,V12A25-135,2.1,N7,0.42303430801425307,0.022883171638402165,1.4002544457690114,0.46445382154520876,0.3158828830557143,0.36944044256542463,0.185507837112293,661,0.08623832905758035
20221010-4_14,mrd7,cisplatin_6mg/kg,2022/10/10,V12A25-135,2.1,N8,0.4776882484142317,0.06166408213355206,1.2267941948014063,0.3258223792627972,0.1288431744562562,0.20815897278108453,0.5190899295231645,550,0.030182246108188673
20221010-4_14,mrd7,cisplatin_6mg/kg,2022/10/10,V12A25-135,2.1,N9,0.3651424732395179,0.06782065348180205,1.4590401876977745,0.5251066313294346,0.23433860821226327,0.4397854526787914,0.2105356274535944,932,0.08597427494262731
20221010-4_14,mrd7,cisplatin_6mg/kg,2022/10/10,V12A25-135,2.1,N10,0.219183924267564,0.13217205415864447,1.6045085254770393,0.3310023900027961,0.07347815700628202,0.19581076302594996,0.5799628943277464,556,0.02577877256972159
20221010-4_14,mrd7,cisplatin_6mg/kg,2022/10/10,V12A25-135,2.1,N11,0.3833739319176233,0.04586914132387276,1.2015045752040192,0.5174840460879745,0.18759863995954143,0.3769552009957555,0.27156863354424815,1225,0.22622905420551018
20221010-4_14,mrd7,cisplatin_6mg/kg,2022/10/10,V12A25-135,2.1,N12,0.3870866161142002,0.04822142229968035,1.201380685613334,0.5324282481491502,0.22320668638625382,0.37433072327741407,0.20664011319931747,634,0.022495481075046786
20221010-4_15,mrd12,cisplatin_6mg/kg,2022/10/10,V12A25-135,2.1,N0,0.14405876309553042,0.28365816179972336,-0.5893270018632183,0.35541668677832383,0.05502179313891328,0.07393669710181842,0.5685969043931809,1175,0.0848880810647258
20221010-4_15,mrd12,cisplatin_6mg/kg,2022/10/10,V12A25-135,2.1,N1,0.30333176407235474,0.11952982866134923,0.32700307271217244,0.5504118763873274,0.12565296043421556,0.25552711895840374,0.30159120860084515,794,0.030586398204689766
20221010-4_15,mrd12,cisplatin_6mg/kg,2022/10/10,V12A25-135,2.1,N2,0.2883431911653235,0.18501450711413123,-0.31765863841612624,0.27503509839960416,0.0386175710154097,0.06064814407805873,0.6712892359367278,1343,0.07942857285481467
20221010-4_15,mrd12,cisplatin_6mg/kg,2022/10/10,V12A25-135,2.1,N4,0.15394126921281578,0.24969969000937325,-0.3721283170412426,0.3381374113356122,0.07668956905902137,0.0971535048623435,0.5579539465569215,1690,0.17618384622225808
20221010-4_15,mrd12,cisplatin_6mg/kg,2022/10/10,V12A25-135,2.1,N5,0.08949607122198586,0.29493904601638077,-0.875338957631489,0.2747015692643381,0.02674836600601451,0.03370548781548019,0.678145310902105,1740,0.3115496726355568
20221010-4_15,mrd12,cisplatin_6mg/kg,2022/10/10,V12A25-135,2.1,N7,0.33601932700578835,0.07753330017815276,0.6408539990926367,0.45343151196335,0.2704467625205118,0.2328076614450638,0.23867505948371476,627,0.03501974942231169
20221010-4_15,mrd12,cisplatin_6mg/kg,2022/10/10,V12A25-135,2.1,N8,0.18331990936709908,0.2251048902710569,-0.45365904454478617,0.3042773670757127,0.033659820870254605,0.05690713226918594,0.6403541872482356,976,0.022440420853497317
20221010-4_15,mrd12,cisplatin_6mg/kg,2022/10/10,V12A25-135,2.1,N9,0.33585600412774913,0.09423657873253957,0.6135028746416515,0.4949508298253108,0.2329414568074755,0.25072815971069734,0.2396258090620719,565,0.034301060333759945
20221010-4_15,mrd12,cisplatin_6mg/kg,2022/10/10,V12A25-135,2.1,N10,0.0915796463807378,0.25961870047541896,0.4828886560101655,0.2510547911699116,0.023939980618867877,0.029906999284029106,0.7057272421354227,1401,0.06443898343475127
20221010-4_15,mrd12,cisplatin_6mg/kg,2022/10/10,V12A25-135,2.1,N11,0.25623261262166896,0.19962553881477532,-0.06263565379559749,0.4939271074551525,0.0997410323817276,0.1625762926667845,0.38412822755978676,1264,0.12419195752827512
20221010-4_15,mrd12,cisplatin_6mg/kg,2022/10/10,V12A25-135,2.1,N12,0.4039571008012391,0.06583864001346428,-0.25735054209643304,0.7244696639711546,0.06653360268788656,0.11036847197983508,0.17832236941568355,524,0.036971257445359576
20221010-4_16,relapsed,cisplatin_6mg/kg,2022/10/10,V12A25-135,2.1,N0,0.1514445109626687,0.24122780149779469,-0.1342490149557076,0.27948341858079806,0.026165075454544048,0.04544074365990775,0.6756279644325551,2477,0.035766246941023074
20221010-4_16,relapsed,cisplatin_6mg/kg,2022/10/10,V12A25-135,2.1,N1,0.24022650485674102,0.20773086033456842,0.4862951014165226,0.42876608651159276,0.04887488275256669,0.261574447898097,0.5021682114451765,1054,0.014664794525602069
20221010-4_16,relapsed,cisplatin_6mg/kg,2022/10/10,V12A25-135,2.1,N2,0.2795506481168599,0.19753814744472825,-0.23908864522113107,0.22625864523689634,0.018320652746520324,0.028504716996679027,0.7393660092631198,3002,0.09666826821847248
20221010-4_16,relapsed,cisplatin_6mg/kg,2022/10/10,V12A25-135,2.1,N4,0.16814737228894597,0.24441467201390754,-0.40311185697959523,0.2781156324345094,0.0330590324058021,0.05951468570906838,0.6628626948843853,3348,0.17047905459750282
20221010-4_16,relapsed,cisplatin_6mg/kg,2022/10/10,V12A25-135,2.1,N5,0.12030134022744153,0.26523560077169167,-0.627254535108891,0.2491184927065859,0.015069495191989428,0.01871636012524452,0.7141856884778869,3744,0.44110237039348466
20221010-4_16,relapsed,cisplatin_6mg/kg,2022/10/10,V12A25-135,2.1,N7,0.19044996161138822,0.21992199233292634,0.09204302751077459,0.3410188253345722,0.05923274959482834,0.12037571835825382,0.5710589617123482,1367,0.009705553455463187
20221010-4_16,relapsed,cisplatin_6mg/kg,2022/10/10,V12A25-135,2.1,N8,0.220186534051657,0.22530548833542513,-0.4060875541247879,0.25344478767084594,0.013330464231748147,0.028435627024117945,0.7141744171730382,1828,0.07359747750547074
20221010-4_16,relapsed,cisplatin_6mg/kg,2022/10/10,V12A25-135,2.1,N9,0.2918953719549994,0.18468764193228054,0.46313318838288303,0.36821038528265315,0.08764402544133924,0.1817642329717436,0.5160104299866958,791,0.012659908477300086
20221010-4_16,relapsed,cisplatin_6mg/kg,2022/10/10,V12A25-135,2.1,N10,0.11596105626946361,0.23293973447362995,0.8418385176221648,0.23098012024775166,0.01221656529687042,0.014950159578652358,0.7374999254006814,3277,0.1019175721586541
20221010-4_16,relapsed,cisplatin_6mg/kg,2022/10/10,V12A25-135,2.1,N11,0.26501295906398337,0.19930144921472823,0.049144990425744106,0.3908296032237569,0.0517785173785746,0.12756772680651052,0.5402214281914173,1133,0.040884628687393544
20221010-4_16,relapsed,cisplatin_6mg/kg,2022/10/10,V12A25-135,2.1,N12,0.26681837847452555,0.1920012450722927,0.17682654649619903,0.43842783278842207,0.05551125920689546,0.15092336253741626,0.4831346432399014,389,0.00255412503963325
20230607-1_1,primary,no_treatment,2023/06/07,V12U07-323,2.1,N0,0.2142431575037395,0.18259554692510593,0.7855390926365606,0.27814192583264047,0.05322418163789055,0.08524186780243478,0.6413405808080367,1888,0.3385068360059875
20230607-1_1,primary,no_treatment,2023/06/07,V12U07-323,2.1,N1,0.24552848541767303,0.16485569967066308,1.066625830722066,0.451963246968075,0.12335459015098513,0.2699466648449686,0.38619121253746896,619,0.021725186863438894
20230607-1_1,primary,no_treatment,2023/06/07,V12U07-323,2.1,N2,0.26768803668043395,0.13583781518880944,1.9044551622053711,0.2314216454676803,0.039602900990468294,0.05522303441205403,0.7066179192029707,1424,0.09198187334132649
20230607-1_1,primary,no_treatment,2023/06/07,V12U07-323,2.1,N4,0.2230830459397796,0.1723933924619504,1.5750185912782075,0.30425538063792223,0.07561376302340726,0.12297030848253686,0.5911079983829808,1162,0.0908658638233292
20230607-1_1,primary,no_treatment,2023/06/07,V12U07-323,2.1,N5,0.20956802299066374,0.1715565967620588,1.2881989179519455,0.23379308704455057,0.033383771214188535,0.041235846989604,0.7064435414257636,1094,0.11865380970826511
20230607-1_1,primary,no_treatment,2023/06/07,V12U07-323,2.1,N7,0.24316010322824566,0.15889180417229162,1.1342180328143467,0.34918375709865745,0.12601785340803118,0.18002452993176887,0.4768028476638625,736,0.027796295191224382
20230607-1_1,primary,no_treatment,2023/06/07,V12U07-323,2.1,N8,0.23088286357924118,0.14549210613337613,2.2531200212223332,0.2418501984516799,0.04043881334347185,0.05904318495885318,0.6944599593373436,620,0.014137673927708025
20230607-1_1,primary,no_treatment,2023/06/07,V12U07-323,2.1,N9,0.23478474957136022,0.12821779622427157,2.531022937491888,0.358765601136582,0.1629849266447113,0.21330208469782194,0.43611821190826977,774,0.042806274652315054
20230607-1_1,primary,no_treatment,2023/06/07,V12U07-323,2.1,N10,0.19524599304795207,0.1136611393071922,4.0157762610578045,0.21250205608254166,0.03969891617228875,0.04547864065479774,0.7263786632030029,1411,0.15751999519566684
20230607-1_1,primary,no_treatment,2023/06/07,V12U07-323,2.1,N11,0.23966666649900106,0.18890941243921947,0.5817100072360014,0.3849852114330538,0.08736680405510817,0.17858657068022588,0.4967860182872995,1001,0.08100953949496503
20230607-1_1,primary,no_treatment,2023/06/07,V12U07-323,2.1,N12,0.223058612910046,0.18216390298664,0.8664345770917916,0.3130731940035353,0.055577039945903246,0.09562439764300414,0.5987838639735507,536,0.014996651795773431
20230607-2_5,primary,no_treatment,2023/06/07,V12U07-324,2.1,N0,0.19674303253475692,0.1732836027749323,1.919180204653038,0.4152108553360023,0.02298196293808601,0.0578843441474628,0.5271839220135127,2013,0.653924034176244
20230607-2_5,primary,no_treatment,2023/06/07,V12U07-324,2.1,N1,0.23225428319112418,0.12633938850266851,2.668014717404313,0.5019845697197644,0.07253995483366202,0.23651176205086977,0.3889070232263468,282,0.006247243960910132
20230607-2_5,primary,no_treatment,2023/06/07,V12U07-324,2.1,N2,0.31111171073125665,0.09711479238388927,3.1213762454250746,0.3578257883367173,0.01676275418193021,0.05547696513553886,0.5999677513134251,1087,0.07859734540657153
20230607-2_5,primary,no_treatment,2023/06/07,V12U07-324,2.1,N4,0.19445898808141693,0.18622901885894147,1.181706323163811,0.4332651254285831,0.04540607434664654,0.09023662774675376,0.47187429289286154,527,0.022214059032713077
20230607-2_5,primary,no_treatment,2023/06/07,V12U07-324,2.1,N5,0.1552736258607865,0.24051116206015796,0.16786085784465174,0.4410579917134134,0.015725080650087448,0.037525723746359124,0.5068813014277372,760,0.04758988027403748
20230607-2_5,primary,no_treatment,2023/06/07,V12U07-324,2.1,N7,0.20690946717734632,0.1484677538862227,1.8675948370942166,0.45294724502361117,0.07412833274057157,0.13979151459098565,0.42630298637893665,323,0.00683234488073966
20230607-2_5,primary,no_treatment,2023/06/07,V12U07-324,2.1,N8,0.26453198115534704,0.14175691183599043,2.240991557508818,0.413491036924636,0.01809861401710761,0.07472037193976655,0.536687869648266,304,0.010750794158462184
20230607-2_5,primary,no_treatment,2023/06/07,V12U07-324,2.1,N9,0.20554601616348392,0.12451341979758598,3.227790291906918,0.4413160062087563,0.08299146864866512,0.1633644043962922,0.42885244891395546,552,0.021615839505910797
20230607-2_5,primary,no_treatment,2023/06/07,V12U07-324,2.1,N10,0.17116976658650776,0.07765194354212723,5.551462321943779,0.3671273796288044,0.020210263876922218,0.05741768293890541,0.5870361858055742,1062,0.12344714277850355
20230607-2_5,primary,no_treatment,2023/06/07,V12U07-324,2.1,N11,0.22220344064482792,0.17423937526353553,1.3695156073713342,0.49983359736780736,0.06731183763637362,0.1785165891611662,0.3937839930379471,639,0.025522615916378534
20230607-2_5,primary,no_treatment,2023/06/07,V12U07-324,2.1,N12,0.18616400095383204,0.16547337611904372,1.967669226159856,0.46055173539730326,0.03861286510438446,0.10906785377324478,0.44805177971545623,247,0.0032586999095290557
20230607-2_8,mrd12,cisplatin_6mg/kg,2023/06/07,V12U07-324,2.1,N0,0.2470416724327028,0.21764240450385616,0.21106217175408962,0.42601142697697214,0.05581277190104378,0.12134919282288514,0.4823654044144778,2791,0.6526334671441489
20230607-2_8,mrd12,cisplatin_6mg/kg,2023/06/07,V12U07-324,2.1,N1,0.4124056837276551,0.1121756419364263,0.6125025445963924,0.49960299791345697,0.1733991672229215,0.3290693630677127,0.29130777545605757,499,0.011777388236360006
20230607-2_8,mrd12,cisplatin_6mg/kg,2023/06/07,V12U07-324,2.1,N2,0.3698898208095856,0.15292863986556574,0.3390851738313035,0.4072706648538307,0.05754846297629271,0.14233549765555215,0.5043000422920363,1654,0.07102247324774444
20230607-2_8,mrd12,cisplatin_6mg/kg,2023/06/07,V12U07-324,2.1,N4,0.2731986516778866,0.1991341565099032,0.11484440643195165,0.46567263841602524,0.1099423469406454,0.2088982218621389,0.3858123517073754,1092,0.03915056000017585
20230607-2_8,mrd12,cisplatin_6mg/kg,2023/06/07,V12U07-324,2.1,N5,0.19393925588875263,0.2479541535274804,-0.04870308147865985,0.4292482933630801,0.04540087837268457,0.09711346666638138,0.48904948882365473,974,0.027231069523920865
20230607-2_8,mrd12,cisplatin_6mg/kg,2023/06/07,V12U07-324,2.1,N7,0.34358801321305366,0.1589880845527739,0.3002081563512117,0.46669407946603586,0.17854489784107702,0.26403412217808553,0.31442367721777964,637,0.018408778540224675
20230607-2_8,mrd12,cisplatin_6mg/kg,2023/06/07,V12U07-324,2.1,N8,0.28774383267761255,0.18036989297400502,0.47285364402632896,0.4139593705005808,0.049873252018386306,0.11669171127761442,0.500599924288764,887,0.03401456847463101
20230607-2_8,mrd12,cisplatin_6mg/kg,2023/06/07,V12U07-324,2.1,N9,0.3625606393553586,0.161693973966765,0.36523486221943446,0.4579794655770419,0.1891030156850209,0.27557272636314617,0.31345664867593465,839,0.03011790516029403
20230607-2_8,mrd12,cisplatin_6mg/kg,2023/06/07,V12U07-324,2.1,N10,0.2545702556309099,0.19488736260445402,1.0330382388817145,0.40922270886879103,0.04188611182897785,0.09876316921566893,0.5133360979966142,1723,0.06771226392455797
20230607-2_8,mrd12,cisplatin_6mg/kg,2023/06/07,V12U07-324,2.1,N11,0.38227845815689676,0.1327910638052131,0.38790538647027656,0.47720978938240777,0.15756156728256662,0.27715301027129635,0.32855782483174373,976,0.04277181964673554
20230607-2_8,mrd12,cisplatin_6mg/kg,2023/06/07,V12U07-324,2.1,N12,0.36513798839995976,0.14244787356879024,0.33016296525035144,0.4667207410207912,0.15152282198537267,0.24891943697694724,0.3425269304776472,358,0.005159706101206672
